Country,Total Cases,New Cases,Total Deaths,New Deaths,Total Recovered,Continent,Reliability*
Afghanistan,4.767467555373595,,3.409087369447835,,4.7189000937406265,2.0043213737826426,1
Albania,5.114324028272812,,3.3736474722092176,,5.015284292283132,0.6989700043360189,1
Algeria,5.080493003820524,,3.502563669107363,,4.9237619608287,2.285557309007774,1
