Country,Total Cases,New Cases,Total Deaths,New Deaths,Total Recovered,Continent,Reliability*
Argentina,6.373509850335673,,4.74773022554284,,6.324748608491487,South America,1
Bolivia,5.436682534626548,2.9618954736678504,4.089198366805149,1.3617278360175928,5.348156827145432,South America,0
Brazil,7.108656912617623,,5.51262970581503,,7.050731496730165,South America,1
Chile,6.004959446705902,3.9073576081311727,4.36960543408435,1.968482948553935,5.974241268306061,South America,0
Colombia,6.383425043440012,,4.803552704542265,,6.360366741302831,South America,1
Ecuador,5.519024264954562,,4.227295250391711,,5.4497621792220015,South America,1
Falkland Islands,1.7323937598229686,,,,1.7323937598229686,South America,0
French Guiana,4.233808065724531,,1.968482948553935,,3.999782798454136,South America,1
Guyana,4.01598810538413,,2.367355921026019,,3.9618480590183243,South America,1
Paraguay,5.335012344845792,,3.6283889300503116,,5.248468619266958,South America,1
Peru,6.193604006340567,,4.71734590884194,,6.169316390244462,South America,1
Suriname,3.9600900679049196,,2.247973266361807,,3.9343974407809883,South America,1
Uruguay,5.034179092352818,,3.0038911662369103,,4.9304395947667,South America,1
Venezuela,5.208846974306051,,3.2081725266671217,,5.172182442732374,South America,1
