Country,Total Cases,New Cases,Total Deaths,New Deaths,Total Recovered,Continent,Reliability*
Afghanistan,4.7688821845679765,,3.4102709642521845,,4.719024520348587,2.0043213737826426,1
Albania,5.1153075646739605,2.143014800254095,3.375114684692225,0.6989700043360189,5.021255472235067,0.6989700043360189,0
Algeria,5.0818367835209015,2.2405492482826,3.504878459410216,0.9030899869919435,4.925141847709758,2.285557309007774,0
