Country,Total Cases,New Cases,Total Deaths,New Deaths,Total Recovered,Continent,Reliability*
Afghanistan,4.7710065635306425,,3.413634997198556,,4.720068298837508,2.0,1
Albania,5.115733627523302,,3.376211850282673,,5.024190016968251,0.6989700043360189,1
Algeria,5.082505321616768,,3.5060989599284405,,4.925822422820972,2.285557309007774,1
