Country,Total Cases,New Cases,Total Deaths,New Deaths,Total Recovered,Continent,Reliability*
Argentina,6.403560086185638,,4.761770021096961,,6.348915950712079,South America,1
Bolivia,5.450395388559998,2.720159303405957,4.095204233121819,0.9542425094393249,5.36463728287717,South America,0
Brazil,7.129771814061846,,5.548135032590547,,7.074845794743107,South America,1
Chile,6.03201363072738,,4.38642761768095,,6.002537537918158,South America,1
Colombia,6.404183155736002,,4.818812916292755,,6.377267082643585,South America,1
Ecuador,5.540100377227593,,4.237870341476738,,5.462867979600676,South America,1
Falkland Islands,1.7781512503836436,,,,1.7323937598229686,South America,0
French Guiana,4.244252373972473,,1.9731278535996986,,3.999782798454136,South America,1
Guyana,4.047235915459681,,2.406540180433955,,3.9877109431303057,South America,1
Paraguay,5.371607161281762,,3.683677298818692,,5.286200398555518,South America,1
Peru,6.216876560242861,,4.739596075740604,,6.194942320319811,South America,1
Suriname,3.9685763351754977,,2.2600713879850747,,3.9379690029514527,South America,1
Uruguay,5.160294418267894,,3.1649473726218416,,5.042484942950897,South America,1
Venezuela,5.242757527957251,,3.249931756634195,,5.1972419524558395,South America,1
