Country,Total Cases,New Cases,Total Deaths,New Deaths,Total Recovered,Continent,Reliability*
Afghanistan,4.769724327559141,,3.4119562379304016,,4.719264977420745,2.0043213737826426,1
Albania,5.1153075646739605,,3.375114684692225,,5.021255472235067,0.6989700043360189,1
Algeria,5.0818367835209015,,3.504878459410216,,4.925141847709758,2.285557309007774,1
