Country,Total Cases,New Cases,Total Deaths,New Deaths,Total Recovered,Continent,Reliability*
Argentina,6.433685846208297,,4.774341752782963,,6.377740146558963,South America,1
Bolivia,5.462939779141828,3.1126050015345745,4.1026394836913,1.255272505103306,5.378750281505449,South America,0
Brazil,7.145436118996876,,5.57408801183282,,7.095542858441663,South America,1
Chile,6.055544600686937,3.707144188342445,4.403412241604526,1.6020599913279623,6.02843378568127,South America,0
Colombia,6.426045161375533,,4.837260068297238,,6.395893314588392,South America,1
Ecuador,5.556981158547571,,4.248046869358662,,5.490718181286545,South America,1
Falkland Islands,1.792391689498254,,,,1.7403626894942439,South America,0
French Guiana,4.261524556472671,,1.9822712330395684,,3.999782798454136,South America,1
Guyana,4.075583455193813,,2.432969290874406,,4.010554351540322,South America,1
Paraguay,5.402163332632924,,3.7311050512159203,,5.317651813067362,South America,1
Peru,6.232433703300802,,4.759947213873189,,6.213859214595853,South America,1
Suriname,3.983039616046102,1.5563025007672873,2.27415784926368,0.0,3.947531745695593,South America,0
Uruguay,5.222802281339686,,3.2946866242794433,,5.134508600900246,South America,1
Venezuela,5.266219933408107,,3.2844307338445193,,5.2222637368087685,South America,1
