Country,Total Cases,New Cases,Total Deaths,New Deaths,Total Recovered,Continent,Reliability*
Afghanistan,4.770962411460195,2.225309281725863,3.413634997198556,1.0,4.720068298837508,2.0,0
Albania,5.1153075646739605,,3.375114684692225,,5.021255472235067,0.6989700043360189,1
Algeria,5.0818367835209015,,3.504878459410216,,4.925141847709758,2.285557309007774,1
