Country,Total Cases,New Cases,Total Deaths,New Deaths,Total Recovered,Continent,Reliability*
Argentina,6.419816355573528,4.397922636545316,4.770299591196362,2.583198773968623,6.361771640903906,South America,0
Bolivia,5.455288071299596,3.044539760392411,4.097569639431371,1.3617278360175928,5.370320602865881,South America,0
Brazil,7.1385582408055654,4.90595230610623,5.5634264985045405,3.5768018958289125,7.087649938672873,South America,0
Chile,6.042062561023558,3.8710472613054994,4.393855868587961,2.3384564936046046,6.014179773745248,South America,0
Colombia,6.415427282463071,4.228349020623638,4.827362810290235,2.57978359661681,6.385974463541142,South America,0
Ecuador,5.550755303440605,3.689486448364248,4.242764977752096,1.9493900066449128,5.475095621092597,South America,0
Falkland Islands,1.792391689498254,,,,1.7403626894942439,South America,0
French Guiana,4.254427221540668,1.9138138523837167,1.9777236052888478,,3.999782798454136,South America,0
Guyana,4.061716293159897,2.184691430817599,2.419955748489758,0.47712125471966244,4.000650953629595,South America,0
Paraguay,5.388328595767428,3.374198257929083,3.708420900134713,1.845098040014257,5.301592043170782,South America,0
Peru,6.225583989489244,4.124699808932117,4.749342025987517,2.5276299008713385,6.204671728886605,South America,0
Suriname,3.9757993096794073,1.6127838567197355,2.2671717284030137,0.0,3.942057683841395,South America,0
Uruguay,5.1945115668289885,3.6444385894678386,3.237040791379191,1.8976270912904414,5.088621518074454,South America,0
Venezuela,5.250649288296566,,3.263399331334002,,5.205799621570576,South America,1
