Country,Total Cases,New Cases,Total Deaths,New Deaths,Total Recovered,Continent,Reliability*
Afghanistan,4.772505069394803,2.3096301674258988,3.414639146737009,0.7781512503836436,4.720324717417442,2.0,0
Albania,5.115733627523302,,3.376211850282673,,5.024190016968251,0.6989700043360189,1
Algeria,5.082505321616768,,3.5060989599284405,,4.925822422820972,2.285557309007774,1
