Country,Total Cases,New Cases,Total Deaths,New Deaths,Total Recovered,Continent,Reliability*
Australia,4.405653656099307,2.100370545117563,2.765668554759014,1.0413926851582251,4.314562378177839,Australia/Oceania,1
Fiji,1.4471580313422192,,0.3010299956639812,,1.3617278360175928,Australia/Oceania,1
French Polynesia,2.6180480967120925,,,,2.305351369446624,Australia/Oceania,0
New Caledonia,1.3617278360175928,,,,1.3617278360175928,Australia/Oceania,0
New Zealand,3.2340108175871793,1.0791812460476249,1.3424226808222062,,3.1934029030624176,Australia/Oceania,1
Papua New Guinea,2.6273658565927325,,0.6020599913279624,,2.3654879848909,Australia/Oceania,1
