Country,Total Cases,New Cases,Total Deaths,New Deaths,Total Recovered,Continent,Reliability*
Australia,4.349432951816721,2.3636119798921444,2.5575072019056577,0.9542425094393249,4.106496870138972,Australia/Oceania,0
Fiji,1.4313637641589874,,0.0,,1.255272505103306,Australia/Oceania,1
French Polynesia,2.143014800254095,,,,1.806179973983887,Australia/Oceania,0
New Caledonia,1.3617278360175928,,,,1.3424226808222062,Australia/Oceania,0
New Zealand,3.2011238972073794,1.0,1.3424226808222062,,3.184975190698261,Australia/Oceania,1
Papua New Guinea,2.4578818967339924,,0.47712125471966244,,1.8920946026904804,Australia/Oceania,1
