Country,Total Cases,New Cases,Total Deaths,New Deaths,Total Recovered,Continent,Reliability*
Australia,4.344922535853836,2.617000341120899,2.546542663478131,1.3222192947339193,4.093176449696249,Australia/Oceania,0
Fiji,1.4313637641589874,,0.0,,1.255272505103306,Australia/Oceania,1
French Polynesia,2.0492180226701815,,,,1.792391689498254,Australia/Oceania,0
New Caledonia,1.3617278360175928,,,,1.3424226808222062,Australia/Oceania,0
New Zealand,3.1983821300082944,0.9542425094393249,1.3424226808222062,,3.184975190698261,Australia/Oceania,1
Papua New Guinea,2.4578818967339924,1.863322860120456,0.47712125471966244,,1.8920946026904804,Australia/Oceania,1
