Country,Total Cases,New Cases,Total Deaths,New Deaths,Total Recovered,Continent,Reliability*
Australia,4.384460943824492,2.385606273598312,2.6655809910179533,1.1139433523068367,4.183212883294251,Australia/Oceania,1
Fiji,1.4471580313422192,,0.0,,1.3010299956639813,Australia/Oceania,1
French Polynesia,2.3242824552976926,,,,1.8325089127062364,Australia/Oceania,0
New Caledonia,1.3617278360175928,,,,1.3424226808222062,Australia/Oceania,0
New Zealand,3.218535505216528,0.6989700043360189,1.3424226808222062,,3.184975190698261,Australia/Oceania,1
Papua New Guinea,2.5403294747908736,,0.47712125471966244,,2.041392685158225,Australia/Oceania,1
