Country,Total Cases,New Cases,Total Deaths,New Deaths,Total Recovered,Continent,Reliability*
Australia,4.376083990362361,2.330413773349191,2.6414741105040997,1.2304489213782739,4.174030718038026,Australia/Oceania,0
Fiji,1.4471580313422192,,0.0,,1.3010299956639813,Australia/Oceania,1
French Polynesia,2.3242824552976926,,,,1.8325089127062364,Australia/Oceania,0
New Caledonia,1.3617278360175928,,,,1.3424226808222062,Australia/Oceania,0
New Zealand,3.215637563435062,1.0791812460476249,1.3424226808222062,,3.184975190698261,Australia/Oceania,1
Papua New Guinea,2.5224442335063197,,0.47712125471966244,,2.041392685158225,Australia/Oceania,1
