Country,Total Cases,New Cases,Total Deaths,New Deaths,Total Recovered,Continent,Reliability*
Australia,4.362388216588698,2.4653828514484184,2.578639209968072,0.6020599913279624,4.125643892357392,Australia/Oceania,0
Fiji,1.4471580313422192,,0.0,,1.3010299956639813,Australia/Oceania,1
French Polynesia,2.220108088040055,,,,1.806179973983887,Australia/Oceania,0
New Caledonia,1.3617278360175928,,,,1.3424226808222062,Australia/Oceania,0
New Zealand,3.2065560440990297,0.8450980400142568,1.3424226808222062,,3.184975190698261,Australia/Oceania,1
Papua New Guinea,2.432969290874406,,0.47712125471966244,,1.8920946026904804,Australia/Oceania,1
