Country,Total Cases,New Cases,Total Deaths,New Deaths,Total Recovered,Continent,Reliability*
Australia,4.396478322202103,2.0170333392987803,2.7134905430939424,1.1760912590556813,4.292322539914916,Australia/Oceania,0
Fiji,1.4471580313422192,,0.0,,1.3617278360175928,Australia/Oceania,0
French Polynesia,2.4742162640762553,,,,2.1702617153949575,Australia/Oceania,0
New Caledonia,1.3617278360175928,,,,1.3617278360175928,Australia/Oceania,0
New Zealand,3.226084115975824,0.9542425094393249,1.3424226808222062,,3.1869563354654122,Australia/Oceania,0
Papua New Guinea,2.603144372620182,,0.6020599913279624,,2.3654879848909,Australia/Oceania,0
