Country,Total Cases,New Cases,Total Deaths,New Deaths,Total Recovered,Continent,Reliability*
Australia,4.356809558193978,2.583198773968623,2.574031267727719,1.146128035678238,4.113976758289846,Australia/Oceania,0
Fiji,1.4471580313422192,,0.0,,1.3010299956639813,Australia/Oceania,1
French Polynesia,2.143014800254095,,,,1.806179973983887,Australia/Oceania,0
New Caledonia,1.3617278360175928,,,,1.3424226808222062,Australia/Oceania,0
New Zealand,3.204662511748219,1.1139433523068367,1.3424226808222062,,3.184975190698261,Australia/Oceania,1
Papua New Guinea,2.432969290874406,,0.47712125471966244,,1.8920946026904804,Australia/Oceania,0
