Country,Total Cases,New Cases,Total Deaths,New Deaths,Total Recovered,Continent,Reliability*
Australia,4.403498004451998,2.0718820073061255,2.7573960287930244,1.3617278360175928,4.308905739431567,Australia/Oceania,1
Fiji,1.4471580313422192,,0.3010299956639812,0.0,1.3617278360175928,Australia/Oceania,1
French Polynesia,2.6180480967120925,,,,2.305351369446624,Australia/Oceania,0
New Caledonia,1.3617278360175928,,,,1.3617278360175928,Australia/Oceania,0
New Zealand,3.230959555748569,0.8450980400142568,1.3424226808222062,,3.1914510144648953,Australia/Oceania,1
Papua New Guinea,2.6273658565927325,0.6989700043360189,0.6020599913279624,,2.3654879848909,Australia/Oceania,1
