Country,TotalCases,NewCases,TotalDeaths,NewDeaths,TotalRecovered,Continent,Reliable
Australia,4.298634783124435,,2.406540180433955,,4.039057018033444,Australia/Oceania,True
Fiji,1.4313637641589874,,0.0,,1.255272505103306,Australia/Oceania,True
French Polynesia,1.806179973983887,,,,1.792391689498254,Australia/Oceania,False
New Caledonia,1.3424226808222062,,,,1.3424226808222062,Australia/Oceania,False
New Zealand,3.1956229435869368,,1.3424226808222062,,3.182984967003582,Australia/Oceania,True
Papua New Guinea,2.2121876044039577,,0.47712125471966244,,1.724275869600789,Australia/Oceania,True
