Country,Total Cases,New Cases,Total Deaths,New Deaths,Total Recovered,Continent,Reliability*
Australia,4.367113543177637,2.401400540781544,2.597695185925512,1.2304489213782739,4.1346232896624375,Australia/Oceania,1
Fiji,1.4471580313422192,,0.0,,1.3010299956639813,Australia/Oceania,1
French Polynesia,2.220108088040055,,,,1.806179973983887,Australia/Oceania,0
New Caledonia,1.3617278360175928,,,,1.3424226808222062,Australia/Oceania,0
New Zealand,3.2100508498751372,1.1139433523068367,1.3424226808222062,,3.184975190698261,Australia/Oceania,1
Papua New Guinea,2.509202522331103,1.7160033436347992,0.47712125471966244,,2.041392685158225,Australia/Oceania,1
