Country,TotalCases,NewCases,TotalDeaths,NewDeaths,TotalRecovered,Continent,Reliable
Australia,4.315907399666257,2.6283889300503116,2.444044795918076,1.0791812460476249,4.053846426852252,Australia/Oceania,False
Fiji,1.4313637641589874,,0.0,,1.255272505103306,Australia/Oceania,True
French Polynesia,1.8388490907372552,,,,1.792391689498254,Australia/Oceania,False
New Caledonia,1.3424226808222062,,,,1.3424226808222062,Australia/Oceania,False
New Zealand,3.1956229435869368,,1.3424226808222062,,3.182984967003582,Australia/Oceania,True
Papua New Guinea,2.27415784926368,,0.47712125471966244,,1.724275869600789,Australia/Oceania,True
