Country,Total Cases,New Cases,Total Deaths,New Deaths,Total Recovered,Continent,Reliability*
Australia,4.410709764916316,1.8808135922807914,2.81424759573192,1.6127838567197355,4.324611653328921,Australia/Oceania,1
Fiji,1.4471580313422192,,0.3010299956639812,,1.3617278360175928,Australia/Oceania,1
French Polynesia,2.6830470382388496,,,,2.305351369446624,Australia/Oceania,0
New Caledonia,1.3617278360175928,,,,1.3617278360175928,Australia/Oceania,0
New Zealand,3.2400497721126476,0.9542425094393249,1.3424226808222062,,3.2000292665537704,Australia/Oceania,1
Papua New Guinea,2.661812685537261,,0.6989700043360189,,2.3654879848909,Australia/Oceania,1
