Country,Total Cases,New Cases,Total Deaths,New Deaths,Total Recovered,Continent,Reliability*
Australia,4.38751440114948,2.2329961103921536,2.673941998634088,0.9542425094393249,4.266231696689894,Australia/Oceania,0
Fiji,1.4471580313422192,,0.0,,1.3010299956639813,Australia/Oceania,0
French Polynesia,2.3242824552976926,,,,1.8325089127062364,Australia/Oceania,0
New Caledonia,1.3617278360175928,,,,1.3424226808222062,Australia/Oceania,0
New Zealand,3.2214142378423385,1.0413926851582251,1.3424226808222062,,3.1869563354654122,Australia/Oceania,0
Papua New Guinea,2.5575072019056577,,0.6020599913279624,,2.296665190261531,Australia/Oceania,0
