Country,Total Cases,New Cases,Total Deaths,New Deaths,Total Recovered,Continent,Reliability*
Australia,4.394661772492928,2.322219294733919,2.7007037171450192,1.2304489213782739,4.284047031603395,Australia/Oceania,0
Fiji,1.4471580313422192,,0.0,,1.3617278360175928,Australia/Oceania,0
French Polynesia,2.4742162640762553,,,,2.1702617153949575,Australia/Oceania,0
New Caledonia,1.3617278360175928,,,,1.3424226808222062,Australia/Oceania,0
New Zealand,3.2237554536572413,0.47712125471966244,1.3424226808222062,,3.1869563354654122,Australia/Oceania,0
Papua New Guinea,2.5575072019056577,,0.6020599913279624,,2.296665190261531,Australia/Oceania,0
