Country,Total Cases,New Cases,Total Deaths,New Deaths,Total Recovered,Continent,Reliability*
Australia,4.398859738404261,2.1367205671564067,2.720159303405957,0.9030899869919435,4.292322539914916,Australia/Oceania,0
Fiji,1.4471580313422192,,0.0,,1.3617278360175928,Australia/Oceania,0
French Polynesia,2.5705429398818973,,,,2.1702617153949575,Australia/Oceania,0
New Caledonia,1.3617278360175928,,,,1.3617278360175928,Australia/Oceania,0
New Zealand,3.2278867046136734,0.8450980400142568,1.3424226808222062,,3.187238619831479,Australia/Oceania,0
Papua New Guinea,2.603144372620182,,0.6020599913279624,,2.3654879848909,Australia/Oceania,0
