Country,Total Cases,New Cases,Total Deaths,New Deaths,Total Recovered,Continent,Reliability*
Australia,4.409425868671443,2.089905111439398,2.786041210242554,1.0413926851582251,4.324611653328921,Australia/Oceania,0
Fiji,1.4471580313422192,,0.3010299956639812,,1.3617278360175928,Australia/Oceania,1
French Polynesia,2.6830470382388496,,,,2.305351369446624,Australia/Oceania,0
New Caledonia,1.3617278360175928,,,,1.3617278360175928,Australia/Oceania,0
New Zealand,3.2377949932739227,0.3010299956639812,1.3424226808222062,,3.1958996524092336,Australia/Oceania,1
Papua New Guinea,2.656098202012832,,0.6989700043360189,,2.3654879848909,Australia/Oceania,1
