Country,Total Cases,New Cases,Total Deaths,New Deaths,Total Recovered,Continent,Reliability*
Australia,4.336719832364342,2.499687082618404,2.519827993775719,1.255272505103306,4.084361758551405,Australia/Oceania,1
Fiji,1.4313637641589874,,0.0,,1.255272505103306,Australia/Oceania,1
French Polynesia,2.0492180226701815,,,,1.792391689498254,Australia/Oceania,0
New Caledonia,1.3617278360175928,,,,1.3424226808222062,Australia/Oceania,0
New Zealand,3.1958996524092336,0.0,1.3424226808222062,,3.1835545336188615,Australia/Oceania,1
Papua New Guinea,2.330413773349191,,0.47712125471966244,,1.724275869600789,Australia/Oceania,1
