Country,Total Cases,New Cases,Total Deaths,New Deaths,Total Recovered,Continent,Reliability*
Argentina,6.329186885081358,3.871105700985585,4.72134888045257,2.2810333672477277,6.285191942955829,South America,0
Bolivia,5.400349725536484,2.921166050637739,4.069446083880313,1.4913616938342726,5.290255043379167,South America,0
Brazil,7.033283230447111,4.870901127691986,5.416953219871412,3.2518814545525276,6.983942760289339,South America,0
Chile,5.924340806755872,3.6596310116070008,4.318856033694406,2.1271047983648077,5.899721489502367,South America,0
Colombia,6.355300343245634,3.5520595341878844,4.779517127872229,2.0293837776852097,6.335345150027427,South America,0
Ecuador,5.462000961164172,2.419955748489758,4.203005674728483,1.5797835966168101,5.394273022966016,South America,0
Falkland Islands,1.7323937598229686,,,,1.7075701760979363,South America,0
French Guiana,4.220813896785491,,1.9294189257142926,,3.999782798454136,South America,1
Guyana,3.9394693308435302,1.7075701760979363,2.298853076409707,,3.9070887450742955,South America,0
Paraguay,5.2118437628771455,,3.510410948010177,,5.134706101603236,South America,1
Peru,6.128712274461778,,4.672919467697059,,6.09692634217359,South America,1
Suriname,3.951968584492911,,2.2380461031287955,,3.9262909868848634,South America,1
Uruguay,4.7849380813820925,2.9400181550076634,2.8000293592441343,0.8450980400142568,4.721084811442744,South America,0
Venezuela,5.147314519095743,,3.132899769944483,,5.12222571124412,South America,1
