Country,Total Cases,New Cases,Total Deaths,New Deaths,Total Recovered,Continent,Reliability*
Argentina,6.361990032955815,,4.743258836232699,,6.316437537605198,South America,1
Bolivia,5.429285445151139,,4.084325995016827,,5.336665824718556,South America,1
Brazil,7.096575025429717,,5.492332866412194,,7.036614006150892,South America,1
Chile,5.986732780333825,,4.355125724987688,,5.9568572783336045,South America,1
Colombia,6.375771671270019,,4.797890483058349,,6.354372202540504,South America,1
Ecuador,5.508797619586877,,4.222170008681765,,5.434324544655608,South America,1
Falkland Islands,1.7323937598229686,,,,1.7323937598229686,South America,0
French Guiana,4.2284516907144,,1.9493900066449128,,3.999782798454136,South America,1
Guyana,4.003115717099806,,2.3521825181113627,,3.946550510569855,South America,1
Paraguay,5.315124010828784,,3.602385590105105,,5.228392658377968,South America,1
Peru,6.179662074172866,,4.707842589142404,,6.15328393876005,South America,1
Suriname,3.9588027033995026,,2.247973266361807,,3.9333354100776514,South America,1
Uruguay,4.9789926322060385,,2.954724790979063,,4.880984990486754,South America,1
Venezuela,5.190065436076598,,3.188365926063148,,5.156755044113985,South America,1
