Country,Total Cases,New Cases,Total Deaths,New Deaths,Total Recovered,Continent,Reliability*
Argentina,6.361990032955815,,4.743258836232699,,6.316437537605198,South America,1
Bolivia,5.430239578757735,2.7715874808812555,4.085112113266837,1.3424226808222062,5.338299083135984,South America,0
Brazil,7.096575025429717,,5.492332866412194,,7.036614006150892,South America,1
Chile,5.990002568260324,3.8651039746411278,4.357057753750343,2.0043213737826426,5.960022457055407,South America,0
Colombia,6.375771671270019,,4.797890483058349,,6.354372202540504,South America,1
Ecuador,5.508797619586877,,4.222170008681765,,5.434324544655608,South America,1
Falkland Islands,1.7323937598229686,,,,1.7323937598229686,South America,0
French Guiana,4.2284516907144,,1.9493900066449128,,3.999782798454136,South America,1
Guyana,4.003115717099806,,2.3521825181113627,,3.946550510569855,South America,1
Paraguay,5.315124010828784,,3.602385590105105,,5.228392658377968,South America,1
Peru,6.18212150461507,,4.7095921693568865,,6.1560794717542136,South America,1
Suriname,3.9588027033995026,,2.247973266361807,,3.9333354100776514,South America,1
Uruguay,4.9789926322060385,,2.954724790979063,,4.880984990486754,South America,1
Venezuela,5.192185396091493,,3.1917303933628562,,5.159052592378582,South America,1
