Country,Total Cases,New Cases,Total Deaths,New Deaths,Total Recovered,Continent,Reliability*
Argentina,6.360034756920541,4.111800006898345,4.742214358344503,2.155336037465062,6.3148104695645575,South America,0
Bolivia,5.427864085875965,2.8887409606828927,4.083896602728174,1.380211241711606,5.334568341520313,South America,0
Brazil,7.09367808836893,4.916759163456045,5.487599303435275,3.5563025007672873,7.03439159528531,South America,0
Chile,5.983319963176021,3.878464345341469,4.353858551860327,1.7993405494535817,5.953264245895386,South America,0
Colombia,6.3742600859065375,3.868938178332911,4.796886413573344,2.100370545117563,6.353329084862133,South America,0
Ecuador,5.507114781143727,3.446381812222442,4.220944476323413,1.6989700043360187,5.434324544655608,South America,0
Falkland Islands,1.7323937598229686,,,,1.7323937598229686,South America,0
French Guiana,4.2284516907144,,1.9493900066449128,,3.999782798454136,South America,1
Guyana,4.000303899784813,2.037426497940624,2.3521825181113627,0.3010299956639812,3.944532020991981,South America,0
Paraguay,5.311126329037469,3.301897717195208,3.5974757898703773,1.6812412373755872,5.22428178799226,South America,0
Peru,6.1762258694815335,,4.70612865367693,,6.150481964969835,South America,1
Suriname,3.958468318366944,0.47712125471966244,2.247973266361807,,3.9332341287148083,South America,0
Uruguay,4.951619184484154,,2.932473764677153,,4.862840704175755,South America,1
Venezuela,5.18798578725453,,3.185258765296585,,5.155059580276322,South America,1
