Country,Total Cases,New Cases,Total Deaths,New Deaths,Total Recovered,Continent,Reliability*
Argentina,6.333385602316922,,4.72526624200744,,6.290377457283291,South America,1
Bolivia,5.406090325004973,2.6655809910179533,4.073535065058784,1.3424226808222062,5.298853076409706,South America,0
Brazil,7.043577603253568,,5.42588295064089,,6.990441865391941,South America,1
Chile,5.936545911249095,3.5478977175630972,4.325966963701425,1.2787536009528289,5.910671353106306,South America,0
Colombia,6.357717836029871,,4.782458290778543,,6.338611258141296,South America,1
Ecuador,5.469259277000387,,4.205285583500525,,5.408255233208849,South America,1
Falkland Islands,1.7323937598229686,,,,1.7075701760979363,South America,0
French Guiana,4.222534393381713,,1.9395192526186185,,3.999782798454136,South America,1
Guyana,3.9451730461739003,,2.307496037913213,,3.9122752104988123,South America,1
Paraguay,5.230091119748747,,3.5241363765925686,,5.151314678777961,South America,1
Peru,6.138134317195167,,4.680996877996996,,6.107965256335516,South America,1
Suriname,3.9532763366673045,,2.2430380486862944,,3.928037206406883,South America,1
Uruguay,4.810904280668701,,2.8182258936139557,,4.745371510166611,South America,1
Venezuela,5.154649127015743,,3.143327129992046,,5.129815523023568,South America,1
