Country,Total Cases,New Cases,Total Deaths,New Deaths,Total Recovered,Continent,Reliability*
Argentina,6.332364926624978,3.465680211598278,4.7232914464775835,1.0,6.289101770175509,South America,0
Bolivia,5.404748217164617,2.814913181275074,4.07213956323974,1.255272505103306,5.29540654625235,South America,0
Brazil,7.042155741007584,4.90322025579717,5.423918918303484,2.9845273133437926,6.986966496288683,South America,0
Chile,5.932364670002179,3.7244397233970745,4.323808795527016,1.8388490907372552,5.906182527015408,South America,0
Colombia,6.357297414195256,3.5328817194073974,4.78177690938212,1.9590413923210936,6.337898126171133,South America,0
Ecuador,5.469089723153035,3.1931245983544616,4.205177287388274,1.2787536009528289,5.408255233208849,South America,0
Falkland Islands,1.7323937598229686,,,,1.7075701760979363,South America,0
French Guiana,4.222534393381713,,1.9395192526186185,,3.999782798454136,South America,1
Guyana,3.9430986230054854,,2.3010299956639813,,3.908806599405674,South America,1
Paraguay,5.222635846125634,,3.5177235948337358,,5.144521279608975,South America,1
Peru,6.135121197305329,,4.678345355161872,,6.103586519410093,South America,1
Suriname,3.9528408566757016,,2.2430380486862944,,3.9275756546911107,South America,1
Uruguay,4.805072469287856,2.9175055095525466,2.813580988568192,0.7781512503836436,4.73926371961054,South America,0
Venezuela,5.153320859235278,2.656098202012832,3.141136090120739,0.7781512503836436,5.1283798801385085,South America,0
