Country,Total Cases,New Cases,Total Deaths,New Deaths,Total Recovered,Continent,Reliability*
Argentina,6.367870990682421,,4.746135797526513,,6.321360818613381,South America,1
Bolivia,5.433640246073657,3.030194785356751,4.087745934784734,1.4471580313422192,5.3441092022427945,South America,0
Brazil,7.102572890880063,,5.502339706009015,,7.044323460810409,South America,1
Chile,5.995412287304517,,4.363743564344569,,5.96595952559348,South America,1
Colombia,6.3798004582588,,4.8010948600705445,,6.357904369125294,South America,1
Ecuador,5.5149791765497165,,4.224791956492681,,5.4497621792220015,South America,1
Falkland Islands,1.7323937598229686,,,,1.7323937598229686,South America,0
French Guiana,4.2284516907144,,1.9493900066449128,,3.999782798454136,South America,1
Guyana,4.008259414991275,,2.3636119798921444,,3.954145988829548,South America,1
Paraguay,5.327749113160683,,3.6191977157929474,,5.240534272352603,South America,1
Peru,6.187542435017709,,4.714338143727664,,6.1643189437954335,South America,1
Suriname,3.959470702075107,,2.247973266361807,,3.9341953493478843,South America,1
Uruguay,5.01055859019309,,2.979092900638326,,4.910827099476606,South America,1
Venezuela,5.201803914110988,,3.2011238972073794,,5.1677986325850584,South America,1
