Country,Total Cases,New Cases,Total Deaths,New Deaths,Total Recovered,Continent,Reliability*
Argentina,6.339599890979295,3.894814329083301,4.728986497902738,1.9294189257142926,6.295537632906838,South America,0
Bolivia,5.41033850091073,2.890979596989689,4.075656433597934,1.2787536009528289,5.305815515433027,South America,0
Brazil,7.0555075300558,4.898236874232943,5.439498483710935,3.296884475538547,6.998196805981541,South America,0
Chile,5.944228436774968,3.776192514747072,4.331447542877797,1.9493900066449128,5.9164007771221865,South America,0
Colombia,6.360710206793775,3.6104472214421213,4.784973709954401,1.9637878273455553,6.34154709019849,South America,0
Ecuador,5.47598481287532,3.1000257301078626,4.209327315878065,1.8129133566428555,5.408255233208849,South America,0
Falkland Islands,1.7323937598229686,,,,1.7323937598229686,South America,0
French Guiana,4.224377652161807,1.8512583487190752,1.9395192526186185,,3.999782798454136,South America,0
Guyana,3.9575594018974796,1.8808135922807914,2.3138672203691533,,3.9172428579074663,South America,0
Paraguay,5.245085566133922,,3.5328817194073974,,5.1627734388351865,South America,1
Peru,6.1444406298414185,,4.685598442558102,,6.114423817021327,South America,1
Suriname,3.9540977204791896,,2.24551266781415,,3.929674317948588,South America,1
Uruguay,4.8393146062541215,3.132579847659737,2.8382192219076257,0.7781512503836436,4.768097671486861,South America,0
Venezuela,5.159197103309541,,3.150756439860309,,5.134397068892673,South America,1
