Country,Total Cases,New Cases,Total Deaths,New Deaths,Total Recovered,Continent,Reliability*
Argentina,6.344416051148363,,4.7326831930105575,,6.3007245792767606,South America,1
Bolivia,5.416620539316856,2.968015713993642,4.0790726588531845,1.3617278360175928,5.315100886744289,South America,0
Brazil,7.064817294116183,,5.450864692379766,,7.00879347493643,South America,1
Chile,5.956750302573057,3.6464037262230695,4.338775124933574,1.4313637641589874,5.9300081444552095,South America,0
Colombia,6.363536770872664,,4.7879419697379415,,6.344239752554061,South America,1
Ecuador,5.481233314061581,,4.211093831058963,,5.420226478898295,South America,1
Falkland Islands,1.7323937598229686,,,,1.7323937598229686,South America,0
French Guiana,4.224377652161807,,1.9395192526186185,,3.999782798454136,South America,1
Guyana,3.965577957910528,,2.3180633349627615,,3.922154325231059,South America,1
Paraguay,5.2632761769434655,,3.550717423469283,,5.18264286814233,South America,1
Peru,6.154443450496266,,4.693111115462141,,6.126611237265855,South America,1
Suriname,3.9558800862253753,,2.24551266781415,,3.930847191682497,South America,1
Uruguay,4.867879783458379,,2.8603380065709936,,4.7964633172379685,South America,1
Venezuela,5.1674000496292765,,3.161667412437736,,5.141170606374092,South America,1
