Country,Total Cases,New Cases,Total Deaths,New Deaths,Total Recovered,Continent,Reliability*
Argentina,6.32373976283037,,4.7157109316222785,,6.279899767483476,South America,1
Bolivia,5.396216788290972,2.6655809910179533,4.06628864526571,1.3222192947339193,5.285629310414148,South America,0
Brazil,7.023304283721873,,5.406570835433103,,6.973637296283497,South America,1
Chile,5.916782834958602,,4.3132765156490525,,5.8923896000109535,South America,1
Colombia,6.352508599076021,,4.776454190482185,,6.332084618302484,South America,1
Ecuador,5.456601338758957,,4.198959338670202,,5.394273022966016,South America,1
Falkland Islands,1.7323937598229686,,,,1.662757831681574,South America,0
French Guiana,4.220813896785491,,1.9294189257142926,,3.999782798454136,South America,1
Guyana,3.9337402994969355,,2.290034611362518,,3.90156729002845,South America,1
Paraguay,5.202689887537698,,3.502563669107363,,5.125269759964129,South America,1
Peru,6.1237879615438775,,4.667396911276623,,6.0907967941621415,South America,1
Suriname,3.9508028229646586,,2.2355284469075487,,3.9245893856694183,South America,1
Uruguay,4.763383064223596,,2.783903579272735,,4.69930862198818,South America,1
Venezuela,5.143377081912267,,3.1283992687178066,,5.116720619321484,South America,1
