Country,Total Cases,New Cases,Total Deaths,New Deaths,Total Recovered,Continent,Reliability*
Argentina,6.326064547003016,3.8230175234460493,4.717603939360182,2.060697840353612,6.282607613498394,South America,0
Bolivia,5.397535057478321,2.8790958795000727,4.066921972093997,1.2304489213782739,5.287021986653775,South America,0
Brazil,7.027261720515582,4.765198994790501,5.410881788782222,3.237040791379191,6.978964051463336,South America,0
Chile,5.9203905022338805,3.438067450453494,4.315634529100032,1.380211241711606,5.896360845469316,South America,0
Colombia,6.3540313738645295,3.637389650129212,4.777948532320861,2.0253058652647704,6.333660238174368,South America,0
Ecuador,5.457465561410729,2.5538830266438746,4.20002926655377,1.255272505103306,5.394273022966016,South America,0
Falkland Islands,1.7323937598229686,,,,1.662757831681574,South America,0
French Guiana,4.220813896785491,,1.9294189257142926,,3.999782798454136,South America,1
Guyana,3.935809453809933,1.4913616938342726,2.294466226161593,,3.9043909200123617,South America,0
Paraguay,5.208253193072685,3.0342272607705505,3.5075860397630105,1.3010299956639813,5.1315320534163495,South America,0
Peru,6.124810275018083,,4.6691773631428735,,6.09225312313716,South America,1
Suriname,3.950997333988805,,2.2380461031287955,,3.924950888915611,South America,1
Uruguay,4.772108908989908,2.7649229846498886,2.7902851640332416,0.7781512503836436,4.710667292450161,South America,0
Venezuela,5.14471428001267,,3.129689892199301,,5.119410966759285,South America,1
