Country,Total Cases,New Cases,Total Deaths,New Deaths,Total Recovered,Continent,Reliability*
Argentina,6.334855890493508,3.863739107345217,4.7263359233343,2.1172712956557644,6.291500051510297,South America,0
Bolivia,5.406090325004973,2.6655809910179533,4.073535065058784,1.3424226808222062,5.298853076409706,South America,0
Brazil,7.046199642111102,4.825744094451458,5.428733966181565,3.244524511570084,6.993137103631428,South America,0
Chile,5.936545911249095,3.5478977175630972,4.325966963701425,1.2787536009528289,5.910671353106306,South America,0
Colombia,6.358386430783579,3.545430829465351,4.783016942662037,1.8920946026904804,6.339180046700533,South America,0
Ecuador,5.4699898126125515,2.6954816764901977,4.205988850752451,1.414973347970818,5.408255233208849,South America,0
Falkland Islands,1.7323937598229686,,,,1.7075701760979363,South America,0
French Guiana,4.222534393381713,,1.9395192526186185,,3.999782798454136,South America,1
Guyana,3.9467960272714606,1.5185139398778875,2.3096301674258988,0.0,3.9138138523837167,South America,0
Paraguay,5.230091119748747,,3.5241363765925686,,5.151314678777961,South America,1
Peru,6.138134317195167,,4.680996877996996,,6.107965256335516,South America,1
Suriname,3.9532763366673045,,2.2430380486862944,,3.928037206406883,South America,1
Uruguay,4.8164202852570694,2.9175055095525466,2.823474229170301,0.9030899869919435,4.751271403658305,South America,0
Venezuela,5.154649127015743,,3.143327129992046,,5.129815523023568,South America,1
