Country,Total Cases,New Cases,Total Deaths,New Deaths,Total Recovered,Continent,Reliability*
Australia,4.441977767006644,1.0,2.957607287060095,,4.405756039773956,Australia/Oceania,1
Fiji,1.5314789170422551,,0.3010299956639812,,1.4913616938342726,Australia/Oceania,1
French Polynesia,3.999782798454136,,1.591064607026499,,3.685024785105714,Australia/Oceania,1
Marshall Islands,0.0,,,,,Australia/Oceania,0
New Caledonia,1.462397997898956,,,,1.4471580313422192,Australia/Oceania,0
New Zealand,3.2979792441593623,0.6020599913279624,1.3979400086720377,,3.2810333672477277,Australia/Oceania,1
Papua New Guinea,2.7774268223893115,,0.8450980400142568,,2.7671558660821804,Australia/Oceania,1
Solomon Islands,1.2041199826559248,0.47712125471966244,,,0.6989700043360189,Australia/Oceania,0
Wallis and Futuna,0.0,,,,0.0,Australia/Oceania,0
