Country,Total Cases,New Cases,Total Deaths,New Deaths,Total Recovered,Continent,Reliability*
Australia,4.440830398401283,0.6989700043360189,2.957607287060095,,4.403738050363856,Australia/Oceania,1
Fiji,1.5314789170422551,,0.3010299956639812,,1.4913616938342726,Australia/Oceania,1
French Polynesia,3.8610562445768735,,1.462397997898956,,3.685024785105714,Australia/Oceania,1
Marshall Islands,0.3010299956639812,,,,,Australia/Oceania,0
New Caledonia,1.4471580313422192,,,,1.4471580313422192,Australia/Oceania,0
New Zealand,3.2920344359947364,0.3010299956639812,1.3979400086720377,,3.2688119037397803,Australia/Oceania,1
Papua New Guinea,2.7701152947871015,,0.8450980400142568,,2.7596678446896306,Australia/Oceania,1
Solomon Islands,0.9030899869919435,,,,0.6020599913279624,Australia/Oceania,0
Wallis and Futuna,0.0,,,,0.0,Australia/Oceania,0
