Country,Total Cases,New Cases,Total Deaths,New Deaths,Total Recovered,Continent,Reliability*
Australia,4.441820772289283,0.7781512503836436,2.957607287060095,,4.405704850953714,Australia/Oceania,1
Fiji,1.5314789170422551,,0.3010299956639812,,1.4913616938342726,Australia/Oceania,1
French Polynesia,3.999782798454136,,1.591064607026499,,3.685024785105714,Australia/Oceania,1
Marshall Islands,0.0,,,,,Australia/Oceania,0
New Caledonia,1.462397997898956,,,,1.4471580313422192,Australia/Oceania,0
New Zealand,3.2971036501492565,0.7781512503836436,1.3979400086720377,,3.280805928393667,Australia/Oceania,1
Papua New Guinea,2.775974331129369,,0.8450980400142568,,2.7634279935629373,Australia/Oceania,1
Solomon Islands,1.1139433523068367,,,,0.6020599913279624,Australia/Oceania,0
Wallis and Futuna,0.0,,,,0.0,Australia/Oceania,0
