Country,Total Cases,New Cases,Total Deaths,New Deaths,Total Recovered,Continent,Reliability*
Australia,4.439079939868871,1.255272505103306,2.9566485792052033,,4.4008659607565725,Australia/Oceania,1
Fiji,1.5185139398778875,,0.3010299956639812,,1.4771212547196624,Australia/Oceania,1
French Polynesia,3.7127338590699517,,1.2787536009528289,,3.5485122563410356,Australia/Oceania,1
New Caledonia,1.4313637641589874,,,,1.4313637641589874,Australia/Oceania,0
New Zealand,3.28397928423848,0.9542425094393249,1.3979400086720377,,3.2629254693318317,Australia/Oceania,1
Papua New Guinea,2.765668554759014,,0.8450980400142568,,2.7363965022766426,Australia/Oceania,1
Solomon Islands,0.6020599913279624,,,,0.47712125471966244,Australia/Oceania,0
Wallis and Futuna,0.0,,,,0.0,Australia/Oceania,0
