Country,Total Cases,New Cases,Total Deaths,New Deaths,Total Recovered,Continent,Reliability*
Australia,4.439979705223639,1.146128035678238,2.9566485792052033,,4.401624523817264,Australia/Oceania,1
Fiji,1.5185139398778875,,0.3010299956639812,,1.4771212547196624,Australia/Oceania,1
French Polynesia,3.808278509582768,,1.414973347970818,,3.611723308007342,Australia/Oceania,1
New Caledonia,1.4313637641589874,,,,1.4313637641589874,Australia/Oceania,0
New Zealand,3.2880255353883627,0.0,1.3979400086720377,,3.2667019668840878,Australia/Oceania,1
Papua New Guinea,2.7693773260761385,,0.8450980400142568,,2.7371926427047373,Australia/Oceania,1
Solomon Islands,0.6020599913279624,,,,0.6020599913279624,Australia/Oceania,0
Wallis and Futuna,0.0,,,,0.0,Australia/Oceania,0
