Country,Total Cases,New Cases,Total Deaths,New Deaths,Total Recovered,Continent,Reliability*
Australia,4.4397746596128735,0.9030899869919435,2.9566485792052033,,4.401383306531581,Australia/Oceania,1
Fiji,1.5185139398778875,,0.3010299956639812,,1.4771212547196624,Australia/Oceania,1
French Polynesia,3.767823498007517,,1.3010299956639813,,3.56643749219507,Australia/Oceania,1
New Caledonia,1.4313637641589874,,,,1.4313637641589874,Australia/Oceania,0
New Zealand,3.287801729930226,0.6989700043360189,1.3979400086720377,,3.2650537885040145,Australia/Oceania,1
Papua New Guinea,2.7693773260761385,0.6989700043360189,0.8450980400142568,,2.7371926427047373,Australia/Oceania,1
Solomon Islands,0.6020599913279624,,,,0.47712125471966244,Australia/Oceania,0
Wallis and Futuna,0.0,,,,0.0,Australia/Oceania,0
