Country,Total Cases,New Cases,Total Deaths,New Deaths,Total Recovered,Continent,Reliability*
Australia,4.4372906646570485,0.9542425094393249,2.9561684304753633,,4.3990157256487645,Australia/Oceania,1
Fiji,1.505149978319906,,0.3010299956639812,,1.4771212547196624,Australia/Oceania,1
French Polynesia,3.55303301620244,,1.1139433523068367,,3.395675785269936,Australia/Oceania,1
New Caledonia,1.4313637641589874,,,,1.4313637641589874,Australia/Oceania,0
New Zealand,3.27415784926368,0.6020599913279624,1.3979400086720377,,3.257438566859814,Australia/Oceania,1
Papua New Guinea,2.761927838420529,,0.8450980400142568,,2.7299742856995555,Australia/Oceania,1
Solomon Islands,0.47712125471966244,,,,,Australia/Oceania,0
