Country,Total Cases,New Cases,Total Deaths,New Deaths,Total Recovered,Continent,Reliability*
Australia,4.439316901016504,1.1760912590556813,2.9566485792052033,,4.401072973025948,Australia/Oceania,1
Fiji,1.5185139398778875,,0.3010299956639812,,1.4771212547196624,Australia/Oceania,1
French Polynesia,3.7632033003707717,,1.3010299956639813,,3.559068334034537,Australia/Oceania,1
New Caledonia,1.4313637641589874,,,,1.4313637641589874,Australia/Oceania,0
New Zealand,3.286456469746983,1.0413926851582251,1.3979400086720377,,3.263636068588108,Australia/Oceania,1
Papua New Guinea,2.765668554759014,,0.8450980400142568,,2.7363965022766426,Australia/Oceania,1
Solomon Islands,0.6020599913279624,,,,0.47712125471966244,Australia/Oceania,0
Wallis and Futuna,0.0,,,,0.0,Australia/Oceania,0
