Country,Total Cases,New Cases,Total Deaths,New Deaths,Total Recovered,Continent,Reliability*
Australia,4.43261658390379,1.1760912590556813,2.9474337218870508,0.6020599913279624,4.393645386605536,Australia/Oceania,1
Fiji,1.505149978319906,,0.3010299956639812,,1.4471580313422192,Australia/Oceania,1
French Polynesia,3.2375437381428744,,0.8450980400142568,,3.1556396337597765,Australia/Oceania,1
New Caledonia,1.4313637641589874,,,,1.4313637641589874,Australia/Oceania,0
New Zealand,3.2638726768652235,0.0,1.3979400086720377,,3.247236549506764,Australia/Oceania,1
Papua New Guinea,2.727541257028556,,0.8450980400142568,,2.7126497016272113,Australia/Oceania,1
