Country,Total Cases,New Cases,Total Deaths,New Deaths,Total Recovered,Continent,Reliability*
Australia,4.418417308698775,1.8512583487190752,2.8739015978644615,1.0413926851582251,4.348888723071438,Australia/Oceania,1
Fiji,1.4913616938342726,0.3010299956639812,0.3010299956639812,,1.380211241711606,Australia/Oceania,1
French Polynesia,2.841359470454855,,,,2.5563025007672873,Australia/Oceania,0
New Caledonia,1.414973347970818,,,,1.3617278360175928,Australia/Oceania,0
New Zealand,3.247236549506764,0.47712125471966244,1.380211241711606,0.0,3.212453961040276,Australia/Oceania,1
Papua New Guinea,2.680335513414563,,0.6989700043360189,,2.3654879848909,Australia/Oceania,1
