Country,Total Cases,New Cases,Total Deaths,New Deaths,Total Recovered,Continent,Reliability*
Australia,4.421176001852093,1.7160033436347992,2.886490725172482,0.9030899869919435,4.356484780605221,Australia/Oceania,1
Fiji,1.4913616938342726,,0.3010299956639812,,1.380211241711606,Australia/Oceania,1
French Polynesia,2.888179493918325,,,,2.722633922533812,Australia/Oceania,0
New Caledonia,1.414973347970818,,,,1.3979400086720377,Australia/Oceania,0
New Zealand,3.250907699700856,0.7781512503836436,1.380211241711606,,3.2135177569963047,Australia/Oceania,1
Papua New Guinea,2.7015679850559273,0.7781512503836436,0.6989700043360189,,2.3654879848909,Australia/Oceania,1
