Country,Total Cases,New Cases,Total Deaths,New Deaths,Total Recovered,Continent,Reliability*
Australia,4.43207092726408,0.6020599913279624,2.942008053022313,0.47712125471966244,4.392274761571942,Australia/Oceania,1
Fiji,1.505149978319906,,0.3010299956639812,,1.4471580313422192,Australia/Oceania,1
French Polynesia,3.1983821300082944,,0.7781512503836436,,3.125481265700594,Australia/Oceania,1
New Caledonia,1.4313637641589874,,,,1.414973347970818,Australia/Oceania,0
New Zealand,3.2631624649622166,,1.3979400086720377,,3.243781916093795,Australia/Oceania,1
Papua New Guinea,2.7259116322950483,,0.8450980400142568,,2.7126497016272113,Australia/Oceania,1
