Country,Total Cases,New Cases,Total Deaths,New Deaths,Total Recovered,Continent,Reliability*
Australia,4.430429831799876,1.4771212547196624,2.931457870689005,0.47712125471966244,4.384138274858716,Australia/Oceania,1
Fiji,1.505149978319906,,0.3010299956639812,,1.4471580313422192,Australia/Oceania,1
French Polynesia,3.144262773761991,2.089905111439398,0.3010299956639812,,3.0681858617461617,Australia/Oceania,1
New Caledonia,1.414973347970818,,,,1.414973347970818,Australia/Oceania,0
New Zealand,3.258876629372131,,1.3979400086720377,,3.2377949932739227,Australia/Oceania,1
Papua New Guinea,2.7134905430939424,,0.8450980400142568,,2.3654879848909,Australia/Oceania,1
