Country,Total Cases,New Cases,Total Deaths,New Deaths,Total Recovered,Continent,Reliability*
Australia,4.423458871819513,1.6812412373755872,2.8965262174895554,0.8450980400142568,4.362407069857869,Australia/Oceania,0
Fiji,1.505149978319906,,0.3010299956639812,,1.380211241711606,Australia/Oceania,1
French Polynesia,2.9003671286564705,,,,2.722633922533812,Australia/Oceania,0
New Caledonia,1.414973347970818,,,,1.3979400086720377,Australia/Oceania,0
New Zealand,3.2533380053261065,0.6020599913279624,1.380211241711606,,3.216957207361097,Australia/Oceania,1
Papua New Guinea,2.7024305364455254,0.0,0.6989700043360189,,2.3654879848909,Australia/Oceania,1
