Country,Total Cases,New Cases,Total Deaths,New Deaths,Total Recovered,Continent,Reliability*
Australia,4.427794355252888,1.6020599913279623,2.9159272116971158,0.9030899869919435,4.375224526065799,Australia/Oceania,1
Fiji,1.505149978319906,,0.3010299956639812,,1.380211241711606,Australia/Oceania,1
French Polynesia,3.0409976924234905,,0.3010299956639812,,2.8273692730538253,Australia/Oceania,1
New Caledonia,1.414973347970818,,,,1.414973347970818,Australia/Oceania,0
New Zealand,3.255754786643044,0.0,1.3979400086720377,0.0,3.229937685907934,Australia/Oceania,1
Papua New Guinea,2.7126497016272113,0.6989700043360189,0.7781512503836436,,2.3654879848909,Australia/Oceania,1
