Country,Total Cases,New Cases,Total Deaths,New Deaths,Total Recovered,Continent,Reliability*
Australia,4.420318884788589,1.6334684555795864,2.8819549713396007,0.9542425094393249,4.3541660850314186,Australia/Oceania,1
Fiji,1.4913616938342726,,0.3010299956639812,,1.380211241711606,Australia/Oceania,1
French Polynesia,2.888179493918325,1.8976270912904414,,,2.722633922533812,Australia/Oceania,0
New Caledonia,1.414973347970818,,,,1.3617278360175928,Australia/Oceania,0
New Zealand,3.249442961442582,0.6020599913279624,1.380211241711606,,3.2132520521963968,Australia/Oceania,1
Papua New Guinea,2.696356388733332,0.9542425094393249,0.6989700043360189,,2.3654879848909,Australia/Oceania,1
