Country,Total Cases,New Cases,Total Deaths,New Deaths,Total Recovered,Continent,Reliability*
Australia,4.431363764158987,1.2304489213782739,2.9390197764486663,0.9030899869919435,4.388527468068245,Australia/Oceania,0
Fiji,1.505149978319906,,0.3010299956639812,,1.4471580313422192,Australia/Oceania,1
French Polynesia,3.1670217957902564,,0.6989700043360189,,3.0923696996291206,Australia/Oceania,1
New Caledonia,1.414973347970818,,,,1.414973347970818,Australia/Oceania,0
New Zealand,3.262213705476417,0.3010299956639812,1.3979400086720377,,3.2415464805965484,Australia/Oceania,1
Papua New Guinea,2.725094521081469,,0.8450980400142568,,2.7126497016272113,Australia/Oceania,1
