Country,Total Cases,New Cases,Total Deaths,New Deaths,Total Recovered,Continent,Reliability*
Australia,4.431621047627355,1.2041199826559248,2.9395192526186187,0.0,4.390422831923477,Australia/Oceania,1
Fiji,1.505149978319906,,0.3010299956639812,,1.4471580313422192,Australia/Oceania,1
French Polynesia,3.1983821300082944,,0.7781512503836436,,3.125481265700594,Australia/Oceania,1
New Caledonia,1.4313637641589874,0.0,,,1.414973347970818,Australia/Oceania,0
New Zealand,3.2626883443016963,0.3010299956639812,1.3979400086720377,,3.241795431295199,Australia/Oceania,1
Papua New Guinea,2.7259116322950483,0.0,0.8450980400142568,,2.7126497016272113,Australia/Oceania,1
