Country,Total Cases,New Cases,Total Deaths,New Deaths,Total Recovered,Continent,Reliability*
Australia,4.4291221768508535,1.6812412373755872,2.92272545799326,0.6989700043360189,4.377579420894945,Australia/Oceania,1
Fiji,1.505149978319906,,0.3010299956639812,,1.414973347970818,Australia/Oceania,1
French Polynesia,3.0409976924234905,,0.3010299956639812,,2.8273692730538253,Australia/Oceania,1
New Caledonia,1.414973347970818,,,,1.414973347970818,Australia/Oceania,0
New Zealand,3.257438566859814,,1.3979400086720377,,3.2340108175871793,Australia/Oceania,1
Papua New Guinea,2.7126497016272113,,0.7781512503836436,,2.3654879848909,Australia/Oceania,1
