Country,Total Cases,New Cases,Total Deaths,New Deaths,Total Recovered,Continent,Reliability*
Australia,4.422671898327287,1.9590413923210936,2.8926510338773004,1.0413926851582251,4.359133216346321,Australia/Oceania,1
Fiji,1.505149978319906,0.0,0.3010299956639812,,1.380211241711606,Australia/Oceania,1
French Polynesia,2.888179493918325,,,,2.722633922533812,Australia/Oceania,0
New Caledonia,1.414973347970818,,,,1.3979400086720377,Australia/Oceania,0
New Zealand,3.2523675144598987,0.7781512503836436,1.380211241711606,,3.214578953570499,Australia/Oceania,1
Papua New Guinea,2.7015679850559273,,0.6989700043360189,,2.3654879848909,Australia/Oceania,1
