Country,Total Cases,New Cases,Total Deaths,New Deaths,Total Recovered,Continent,Reliability*
Australia,4.415791055742342,2.100370545117563,2.8312296938670634,1.1760912590556813,4.340682019245905,Australia/Oceania,1
Fiji,1.462397997898956,,0.3010299956639812,,1.3617278360175928,Australia/Oceania,1
French Polynesia,2.7937903846908188,,,,2.526339277389844,Australia/Oceania,0
New Caledonia,1.3617278360175928,,,,1.3617278360175928,Australia/Oceania,0
New Zealand,3.245265839457461,0.3010299956639812,1.3424226808222062,,3.2100508498751372,Australia/Oceania,1
Papua New Guinea,2.673020907128896,,0.6989700043360189,,2.3654879848909,Australia/Oceania,1
