Country,Total Cases,New Cases,Total Deaths,New Deaths,Total Recovered,Continent,Reliability*
Australia,4.424995909617361,1.6232492903979006,2.904715545278681,0.7781512503836436,4.367896123114806,Australia/Oceania,1
Fiji,1.505149978319906,,0.3010299956639812,,1.380211241711606,Australia/Oceania,1
French Polynesia,2.979092900638326,,0.3010299956639812,,2.807535028068853,Australia/Oceania,1
New Caledonia,1.414973347970818,,,,1.414973347970818,Australia/Oceania,0
New Zealand,3.254064452914338,0.3010299956639812,1.380211241711606,,3.2208922492195193,Australia/Oceania,1
Papua New Guinea,2.7058637122839193,,0.6989700043360189,,2.3654879848909,Australia/Oceania,1
