Country,Total Cases,New Cases,Total Deaths,New Deaths,Total Recovered,Continent,Reliability*
Australia,4.428329210721689,1.5185139398778875,2.920123326290724,0.9030899869919435,4.375224526065799,Australia/Oceania,1
Fiji,1.505149978319906,,0.3010299956639812,,1.380211241711606,Australia/Oceania,1
French Polynesia,3.0409976924234905,,0.3010299956639812,,2.8273692730538253,Australia/Oceania,1
New Caledonia,1.414973347970818,,,,1.414973347970818,Australia/Oceania,0
New Zealand,3.257438566859814,0.8450980400142568,1.3979400086720377,,3.2322335211147335,Australia/Oceania,1
Papua New Guinea,2.7126497016272113,,0.7781512503836436,,2.3654879848909,Australia/Oceania,1
