Country,Total Cases,New Cases,Total Deaths,New Deaths,Total Recovered,Continent,Reliability*
Australia,4.417239121467381,1.9395192526186185,2.8674674878590514,1.7708520116421442,4.340721657313007,Australia/Oceania,1
Fiji,1.462397997898956,,0.3010299956639812,,1.3617278360175928,Australia/Oceania,1
French Polynesia,2.7937903846908188,,,,2.526339277389844,Australia/Oceania,0
New Caledonia,1.414973347970818,,,,1.3617278360175928,Australia/Oceania,0
New Zealand,3.246498580795801,0.6989700043360189,1.3424226808222062,,3.2121876044039577,Australia/Oceania,1
Papua New Guinea,2.673020907128896,,0.6989700043360189,,2.3654879848909,Australia/Oceania,1
