Country,Total Cases,New Cases,Total Deaths,New Deaths,Total Recovered,Continent,Reliability*
Australia,4.431041945335886,0.7781512503836436,2.935003151453655,0.3010299956639812,4.388243336895596,Australia/Oceania,1
Fiji,1.505149978319906,,0.3010299956639812,,1.4471580313422192,Australia/Oceania,1
French Polynesia,3.1670217957902564,1.8750612633917,0.6989700043360189,0.47712125471966244,3.0923696996291206,Australia/Oceania,1
New Caledonia,1.414973347970818,,,,1.414973347970818,Australia/Oceania,0
New Zealand,3.2617385473525378,0.47712125471966244,1.3979400086720377,,3.2397998184470986,Australia/Oceania,1
Papua New Guinea,2.725094521081469,0.6020599913279624,0.8450980400142568,,2.7126497016272113,Australia/Oceania,0
