Country,Total Cases,New Cases,Total Deaths,New Deaths,Total Recovered,Continent,Reliability*
Argentina,5.822690357504682,,4.157638064100917,,5.720561150043158,South America,1
Bolivia,5.120541028862419,2.7299742856995555,3.888235673270567,1.5797835966168101,4.961686810478314,South America,1
Brazil,6.665372704848201,,5.143217840132094,,6.601286910926194,South America,1
Chile,5.654786629126628,3.238297067875394,4.0958316249383335,2.093421685162235,5.63030173840534,South America,1
Colombia,5.894464495123643,,4.393505008589961,,5.821039672838629,South America,1
Ecuador,5.1135824038609785,,4.048092051812373,,5.01221274115003,South America,1
Falkland Islands,1.1139433523068367,,,,1.1139433523068367,South America,0
French Guiana,3.9895388033205026,,1.8129133566428555,,3.97455774485358,South America,1
Guyana,3.403977963669355,,1.8388490907372552,,3.165541076722373,South America,1
Paraguay,4.551096074586321,,2.8615344108590377,,4.29813229177961,South America,1
Peru,5.893592559475504,,4.503382063473732,,5.803790902442806,South America,1
Suriname,3.6793370305207937,,2.0043213737826426,,3.658964842664435,South America,1
Uruguay,3.289142835932333,,1.6720978579357175,,3.2203696324513946,South America,1
Venezuela,4.841603457882591,,2.7589118923979736,,4.769074396066867,South America,1
