Country,Total Cases,New Cases,Total Deaths,New Deaths,Total Recovered,Continent,Reliability*
Australia,4.4242934715668065,1.7075701760979363,2.9014583213961123,0.9542425094393249,4.362463624755212,Australia/Oceania,1
Fiji,1.505149978319906,,0.3010299956639812,,1.380211241711606,Australia/Oceania,1
French Polynesia,2.932980821923198,,,,2.760422483423212,Australia/Oceania,0
New Caledonia,1.414973347970818,,,,1.3979400086720377,Australia/Oceania,0
New Zealand,3.253580289562183,0.0,1.380211241711606,,3.2187979981117376,Australia/Oceania,1
Papua New Guinea,2.705007959333336,,0.6989700043360189,,2.3654879848909,Australia/Oceania,1
