Country,Total Cases,New Cases,Total Deaths,New Deaths,Total Recovered,Continent,Reliability*
Australia,4.4202693840782254,1.6020599913279623,2.8819549713396007,0.9542425094393249,4.351545085306165,Australia/Oceania,1
Fiji,1.4913616938342726,,0.3010299956639812,,1.380211241711606,Australia/Oceania,1
French Polynesia,2.841359470454855,,,,2.5563025007672873,Australia/Oceania,0
New Caledonia,1.414973347970818,,,,1.3617278360175928,Australia/Oceania,0
New Zealand,3.249442961442582,0.6020599913279624,1.380211241711606,,3.2132520521963968,Australia/Oceania,1
Papua New Guinea,2.696356388733332,0.9542425094393249,0.6989700043360189,,2.3654879848909,Australia/Oceania,1
