Country,Total Cases,New Cases,Total Deaths,New Deaths,Total Recovered,Continent,Reliability*
Australia,4.429719989249436,1.1139433523068367,2.928907690243953,0.6989700043360189,4.381331722457893,Australia/Oceania,1
Fiji,1.505149978319906,,0.3010299956639812,,1.414973347970818,Australia/Oceania,1
French Polynesia,3.104145550554008,,0.3010299956639812,,3.011993114659257,Australia/Oceania,1
New Caledonia,1.414973347970818,,,,1.414973347970818,Australia/Oceania,0
New Zealand,3.258876629372131,0.6020599913279624,1.3979400086720377,,3.2352758766870524,Australia/Oceania,1
Papua New Guinea,2.7126497016272113,,0.7781512503836436,,2.3654879848909,Australia/Oceania,1
